id;title;keywords;description;rating;date_added;date_modified
1;Steel;Assistant;cross-platform Principal;35091;2022-07-11;2022-07-10
2;Computer Legacy deposit;THX Car;Soap withdrawal;40879;2022-07-10;2022-07-11
3;Incredible Korea;compressing withdrawal green;Bedfordshire Lao neutral;4184;2022-07-11;2022-07-11
4;digital;CFP orange;Village;95487;2022-07-11;2022-07-11
5;indigo JSON Mexico;Steel;solutions;27331;2022-07-11;2022-07-10
6;Rubber Chips;Keyboard;Center black pixel;28408;2022-07-10;2022-07-10
7;Renminbi rich South;virtual Stand-alone Fantastic;Buckinghamshire;8835;2022-07-11;2022-07-10
8;Implementation;application grey solution;Massachusetts Ergonomic Ergonomic;5859;2022-07-11;2022-07-10
9;full-range;back-end National Operations;Games;67286;2022-07-10;2022-07-10
10;transmit Incredible IB;Algeria Rustic;Taka;90493;2022-07-11;2022-07-10
